endpoint,parameter,category,sources,discovery_confidence,behavioral_status,behavioral_confidence,observed_differences,reflection,reflection_occurrences,validation_attempts,review_priority,inconclusive,priority_reasons,discovery_reasons,form_methods,errors,reproduction
https://app.example.test/redirect,next,redirect_navigation,url_query,0.5,not_tested,0.0,,no,0,0,42,no,"discovery confidence 0.50 x weight 0.28 | behavioral confidence 0.00 x weight 0.34 | rarity 0.92 x weight 0.18 | category 'Redirect / navigation' naming weight 1.00 x weight 0.12 | canary reflection no x weight 0.08 | no repeatable behavioural change observed - this is a discovery, not a vulnerability | priority is a triage ordering only; it is not a vulnerability severity",parameter observed in a real query string on this endpoint | combined provenance weight 0.50 = 0.50 | 'next' appears on 1 of 12 endpoints (rare),,,GET /redirect HTTP/1.1 \n Host: app.example.test \n User-Agent: ParamScout/0.1.0 (authorized security testing; passive-first parameter discovery) \n Accept: */* \n  \n # Replay only against targets you are authorized to test.
https://app.example.test/docs/view,path,file_path_reference,url_query,0.5,not_tested,0.0,,no,0,0,41,no,"discovery confidence 0.50 x weight 0.28 | behavioral confidence 0.00 x weight 0.34 | rarity 0.92 x weight 0.18 | category 'File / path reference' naming weight 0.90 x weight 0.12 | canary reflection no x weight 0.08 | no repeatable behavioural change observed - this is a discovery, not a vulnerability | priority is a triage ordering only; it is not a vulnerability severity",parameter observed in a real query string on this endpoint | combined provenance weight 0.50 = 0.50 | 'path' appears on 1 of 12 endpoints (rare),,,GET /docs/view HTTP/1.1 \n Host: app.example.test \n User-Agent: ParamScout/0.1.0 (authorized security testing; passive-first parameter discovery) \n Accept: */* \n  \n # Replay only against targets you are authorized to test.
https://app.example.test/files/download,file,file_path_reference,url_query,0.5,not_tested,0.0,,no,0,0,41,no,"discovery confidence 0.50 x weight 0.28 | behavioral confidence 0.00 x weight 0.34 | rarity 0.92 x weight 0.18 | category 'File / path reference' naming weight 0.90 x weight 0.12 | canary reflection no x weight 0.08 | no repeatable behavioural change observed - this is a discovery, not a vulnerability | priority is a triage ordering only; it is not a vulnerability severity",parameter observed in a real query string on this endpoint | combined provenance weight 0.50 = 0.50 | 'file' appears on 1 of 12 endpoints (rare),,,GET /files/download HTTP/1.1 \n Host: app.example.test \n User-Agent: ParamScout/0.1.0 (authorized security testing; passive-first parameter discovery) \n Accept: */* \n  \n # Replay only against targets you are authorized to test.
https://app.example.test/profile,theme,file_path_reference,url_query,0.5,not_tested,0.0,,no,0,0,41,no,"discovery confidence 0.50 x weight 0.28 | behavioral confidence 0.00 x weight 0.34 | rarity 0.92 x weight 0.18 | category 'File / path reference' naming weight 0.90 x weight 0.12 | canary reflection no x weight 0.08 | no repeatable behavioural change observed - this is a discovery, not a vulnerability | priority is a triage ordering only; it is not a vulnerability severity",parameter observed in a real query string on this endpoint | combined provenance weight 0.50 = 0.50 | 'theme' appears on 1 of 12 endpoints (rare),,,GET /profile HTTP/1.1 \n Host: app.example.test \n User-Agent: ParamScout/0.1.0 (authorized security testing; passive-first parameter discovery) \n Accept: */* \n  \n # Replay only against targets you are authorized to test.
https://app.example.test/account/orders,user_id,resource_identifier,url_query,0.5,not_tested,0.0,,no,0,0,40,no,"discovery confidence 0.50 x weight 0.28 | behavioral confidence 0.00 x weight 0.34 | rarity 0.92 x weight 0.18 | category 'Resource identifier' naming weight 0.75 x weight 0.12 | canary reflection no x weight 0.08 | no repeatable behavioural change observed - this is a discovery, not a vulnerability | priority is a triage ordering only; it is not a vulnerability severity",parameter observed in a real query string on this endpoint | combined provenance weight 0.50 = 0.50 | 'user_id' appears on 1 of 12 endpoints (rare),,,GET /account/orders HTTP/1.1 \n Host: app.example.test \n User-Agent: ParamScout/0.1.0 (authorized security testing; passive-first parameter discovery) \n Accept: */* \n  \n # Replay only against targets you are authorized to test.
https://app.example.test/legacy/index.asp,ID,resource_identifier,url_query,0.5,not_tested,0.0,,no,0,0,40,no,"discovery confidence 0.50 x weight 0.28 | behavioral confidence 0.00 x weight 0.34 | rarity 0.92 x weight 0.18 | category 'Resource identifier' naming weight 0.75 x weight 0.12 | canary reflection no x weight 0.08 | no repeatable behavioural change observed - this is a discovery, not a vulnerability | priority is a triage ordering only; it is not a vulnerability severity",parameter observed in a real query string on this endpoint | combined provenance weight 0.50 = 0.50 | 'ID' appears on 1 of 12 endpoints (rare),,,GET /legacy/index.asp HTTP/1.1 \n Host: app.example.test \n User-Agent: ParamScout/0.1.0 (authorized security testing; passive-first parameter discovery) \n Accept: */* \n  \n # Replay only against targets you are authorized to test.
https://app.example.test/product,id,resource_identifier,url_query,0.5,not_tested,0.0,,no,0,0,40,no,"discovery confidence 0.50 x weight 0.28 | behavioral confidence 0.00 x weight 0.34 | rarity 0.92 x weight 0.18 | category 'Resource identifier' naming weight 0.75 x weight 0.12 | canary reflection no x weight 0.08 | no repeatable behavioural change observed - this is a discovery, not a vulnerability | priority is a triage ordering only; it is not a vulnerability severity",parameter observed in a real query string on this endpoint | combined provenance weight 0.50 = 0.50 | 2 independent observations | 'id' appears on 1 of 12 endpoints (rare),,,GET /product HTTP/1.1 \n Host: app.example.test \n User-Agent: ParamScout/0.1.0 (authorized security testing; passive-first parameter discovery) \n Accept: */* \n  \n # Replay only against targets you are authorized to test.
https://app.example.test/files/download,token,authentication_session,url_query,0.5,not_tested,0.0,,no,0,0,39,no,"discovery confidence 0.50 x weight 0.28 | behavioral confidence 0.00 x weight 0.34 | rarity 0.92 x weight 0.18 | category 'Authentication / session' naming weight 0.70 x weight 0.12 | canary reflection no x weight 0.08 | no repeatable behavioural change observed - this is a discovery, not a vulnerability | priority is a triage ordering only; it is not a vulnerability severity",parameter observed in a real query string on this endpoint | combined provenance weight 0.50 = 0.50 | 'token' appears on 1 of 12 endpoints (rare),,,GET /files/download HTTP/1.1 \n Host: app.example.test \n User-Agent: ParamScout/0.1.0 (authorized security testing; passive-first parameter discovery) \n Accept: */* \n  \n # Replay only against targets you are authorized to test.
https://app.example.test/redirect,session,authentication_session,url_query,0.5,not_tested,0.0,,no,0,0,39,no,"discovery confidence 0.50 x weight 0.28 | behavioral confidence 0.00 x weight 0.34 | rarity 0.92 x weight 0.18 | category 'Authentication / session' naming weight 0.70 x weight 0.12 | canary reflection no x weight 0.08 | no repeatable behavioural change observed - this is a discovery, not a vulnerability | priority is a triage ordering only; it is not a vulnerability severity",parameter observed in a real query string on this endpoint | combined provenance weight 0.50 = 0.50 | 'session' appears on 1 of 12 endpoints (rare),,,GET /redirect HTTP/1.1 \n Host: app.example.test \n User-Agent: ParamScout/0.1.0 (authorized security testing; passive-first parameter discovery) \n Accept: */* \n  \n # Replay only against targets you are authorized to test.
https://app.example.test/api/export,debug,debug_configuration,url_query,0.5,not_tested,0.0,,no,0,0,38,no,"discovery confidence 0.50 x weight 0.28 | behavioral confidence 0.00 x weight 0.34 | rarity 0.92 x weight 0.18 | category 'Debug / configuration' naming weight 0.65 x weight 0.12 | canary reflection no x weight 0.08 | no repeatable behavioural change observed - this is a discovery, not a vulnerability | priority is a triage ordering only; it is not a vulnerability severity",parameter observed in a real query string on this endpoint | combined provenance weight 0.50 = 0.50 | 'debug' appears on 1 of 12 endpoints (rare),,,GET /api/export HTTP/1.1 \n Host: app.example.test \n User-Agent: ParamScout/0.1.0 (authorized security testing; passive-first parameter discovery) \n Accept: */* \n  \n # Replay only against targets you are authorized to test.
https://app.example.test/api/v2/items,tenant,resource_identifier,url_query,0.5,not_tested,0.0,,no,0,0,38,no,"discovery confidence 0.50 x weight 0.28 | behavioral confidence 0.00 x weight 0.34 | rarity 0.83 x weight 0.18 | category 'Resource identifier' naming weight 0.75 x weight 0.12 | canary reflection no x weight 0.08 | no repeatable behavioural change observed - this is a discovery, not a vulnerability | priority is a triage ordering only; it is not a vulnerability severity",parameter observed in a real query string on this endpoint | combined provenance weight 0.50 = 0.50 | 'tenant' appears on 2 of 12 endpoints (common),,,GET /api/v2/items HTTP/1.1 \n Host: app.example.test \n User-Agent: ParamScout/0.1.0 (authorized security testing; passive-first parameter discovery) \n Accept: */* \n  \n # Replay only against targets you are authorized to test.
https://app.example.test/checkout/confirm,order_id,resource_identifier,url_query,0.5,not_tested,0.0,,no,0,0,38,no,"discovery confidence 0.50 x weight 0.28 | behavioral confidence 0.00 x weight 0.34 | rarity 0.83 x weight 0.18 | category 'Resource identifier' naming weight 0.75 x weight 0.12 | canary reflection no x weight 0.08 | no repeatable behavioural change observed - this is a discovery, not a vulnerability | priority is a triage ordering only; it is not a vulnerability severity",parameter observed in a real query string on this endpoint | combined provenance weight 0.50 = 0.50 | 'order_id' appears on 2 of 12 endpoints (common),,,GET /checkout/confirm HTTP/1.1 \n Host: app.example.test \n User-Agent: ParamScout/0.1.0 (authorized security testing; passive-first parameter discovery) \n Accept: */* \n  \n # Replay only against targets you are authorized to test.
https://app.example.test/checkout/confirm,code,authentication_session,url_query,0.5,not_tested,0.0,,no,0,0,37,no,"discovery confidence 0.50 x weight 0.28 | behavioral confidence 0.00 x weight 0.34 | rarity 0.83 x weight 0.18 | category 'Authentication / session' naming weight 0.70 x weight 0.12 | canary reflection no x weight 0.08 | no repeatable behavioural change observed - this is a discovery, not a vulnerability | priority is a triage ordering only; it is not a vulnerability severity",parameter observed in a real query string on this endpoint | combined provenance weight 0.50 = 0.50 | 'code' appears on 2 of 12 endpoints (common),,,GET /checkout/confirm HTTP/1.1 \n Host: app.example.test \n User-Agent: ParamScout/0.1.0 (authorized security testing; passive-first parameter discovery) \n Accept: */* \n  \n # Replay only against targets you are authorized to test.
examples/collected_urls.txt,code,authentication_session,archive,0.4,not_tested,0.0,,no,0,0,35,no,"discovery confidence 0.40 x weight 0.28 | behavioral confidence 0.00 x weight 0.34 | rarity 0.83 x weight 0.18 | category 'Authentication / session' naming weight 0.70 x weight 0.12 | canary reflection no x weight 0.08 | no repeatable behavioural change observed - this is a discovery, not a vulnerability | priority is a triage ordering only; it is not a vulnerability severity",present in a user-supplied URL archive | combined provenance weight 0.40 = 0.40 | 'code' appears on 2 of 12 endpoints (common),,,GET examples/collected_urls.txt HTTP/1.1 \n Host:  \n User-Agent: ParamScout/0.1.0 (authorized security testing; passive-first parameter discovery) \n Accept: */* \n  \n # Replay only against targets you are authorized to test.
examples/collected_urls.txt,order_id,resource_identifier,archive,0.4,not_tested,0.0,,no,0,0,35,no,"discovery confidence 0.40 x weight 0.28 | behavioral confidence 0.00 x weight 0.34 | rarity 0.83 x weight 0.18 | category 'Resource identifier' naming weight 0.75 x weight 0.12 | canary reflection no x weight 0.08 | no repeatable behavioural change observed - this is a discovery, not a vulnerability | priority is a triage ordering only; it is not a vulnerability severity",present in a user-supplied URL archive | combined provenance weight 0.40 = 0.40 | 'order_id' appears on 2 of 12 endpoints (common),,,GET examples/collected_urls.txt HTTP/1.1 \n Host:  \n User-Agent: ParamScout/0.1.0 (authorized security testing; passive-first parameter discovery) \n Accept: */* \n  \n # Replay only against targets you are authorized to test.
examples/collected_urls.txt,tenant,resource_identifier,archive,0.4,not_tested,0.0,,no,0,0,35,no,"discovery confidence 0.40 x weight 0.28 | behavioral confidence 0.00 x weight 0.34 | rarity 0.83 x weight 0.18 | category 'Resource identifier' naming weight 0.75 x weight 0.12 | canary reflection no x weight 0.08 | no repeatable behavioural change observed - this is a discovery, not a vulnerability | priority is a triage ordering only; it is not a vulnerability severity",present in a user-supplied URL archive | combined provenance weight 0.40 = 0.40 | 'tenant' appears on 2 of 12 endpoints (common),,,GET examples/collected_urls.txt HTTP/1.1 \n Host:  \n User-Agent: ParamScout/0.1.0 (authorized security testing; passive-first parameter discovery) \n Accept: */* \n  \n # Replay only against targets you are authorized to test.
https://app.example.test/legacy/index.asp,Category,search_filtering,url_query,0.5,not_tested,0.0,,no,0,0,35,no,"discovery confidence 0.50 x weight 0.28 | behavioral confidence 0.00 x weight 0.34 | rarity 0.92 x weight 0.18 | category 'Search / filtering' naming weight 0.40 x weight 0.12 | canary reflection no x weight 0.08 | no repeatable behavioural change observed - this is a discovery, not a vulnerability | priority is a triage ordering only; it is not a vulnerability severity",parameter observed in a real query string on this endpoint | combined provenance weight 0.50 = 0.50 | 'Category' appears on 1 of 12 endpoints (rare),,,GET /legacy/index.asp HTTP/1.1 \n Host: app.example.test \n User-Agent: ParamScout/0.1.0 (authorized security testing; passive-first parameter discovery) \n Accept: */* \n  \n # Replay only against targets you are authorized to test.
https://app.example.test/search,filter,search_filtering,url_query,0.5,not_tested,0.0,,no,0,0,35,no,"discovery confidence 0.50 x weight 0.28 | behavioral confidence 0.00 x weight 0.34 | rarity 0.92 x weight 0.18 | category 'Search / filtering' naming weight 0.40 x weight 0.12 | canary reflection no x weight 0.08 | no repeatable behavioural change observed - this is a discovery, not a vulnerability | priority is a triage ordering only; it is not a vulnerability severity",parameter observed in a real query string on this endpoint | combined provenance weight 0.50 = 0.50 | 'filter' appears on 1 of 12 endpoints (rare),,,GET /search HTTP/1.1 \n Host: app.example.test \n User-Agent: ParamScout/0.1.0 (authorized security testing; passive-first parameter discovery) \n Accept: */* \n  \n # Replay only against targets you are authorized to test.
https://app.example.test/search,q,search_filtering,url_query,0.5,not_tested,0.0,,no,0,0,35,no,"discovery confidence 0.50 x weight 0.28 | behavioral confidence 0.00 x weight 0.34 | rarity 0.92 x weight 0.18 | category 'Search / filtering' naming weight 0.40 x weight 0.12 | canary reflection no x weight 0.08 | no repeatable behavioural change observed - this is a discovery, not a vulnerability | priority is a triage ordering only; it is not a vulnerability severity",parameter observed in a real query string on this endpoint | combined provenance weight 0.50 = 0.50 | 4 independent observations | 'q' appears on 1 of 12 endpoints (rare),,,GET /search HTTP/1.1 \n Host: app.example.test \n User-Agent: ParamScout/0.1.0 (authorized security testing; passive-first parameter discovery) \n Accept: */* \n  \n # Replay only against targets you are authorized to test.
https://app.example.test/search,sort,search_filtering,url_query,0.5,not_tested,0.0,,no,0,0,35,no,"discovery confidence 0.50 x weight 0.28 | behavioral confidence 0.00 x weight 0.34 | rarity 0.92 x weight 0.18 | category 'Search / filtering' naming weight 0.40 x weight 0.12 | canary reflection no x weight 0.08 | no repeatable behavioural change observed - this is a discovery, not a vulnerability | priority is a triage ordering only; it is not a vulnerability severity",parameter observed in a real query string on this endpoint | combined provenance weight 0.50 = 0.50 | 'sort' appears on 1 of 12 endpoints (rare),,,GET /search HTTP/1.1 \n Host: app.example.test \n User-Agent: ParamScout/0.1.0 (authorized security testing; passive-first parameter discovery) \n Accept: */* \n  \n # Replay only against targets you are authorized to test.
https://app.example.test/api/export,columns,unknown_general,url_query,0.5,not_tested,0.0,,no,0,0,34,no,"discovery confidence 0.50 x weight 0.28 | behavioral confidence 0.00 x weight 0.34 | rarity 0.92 x weight 0.18 | category 'Unknown / general purpose' naming weight 0.25 x weight 0.12 | canary reflection no x weight 0.08 | no repeatable behavioural change observed - this is a discovery, not a vulnerability | parameter name carries no known intent signal | priority is a triage ordering only; it is not a vulnerability severity",parameter observed in a real query string on this endpoint | combined provenance weight 0.50 = 0.50 | 'columns' appears on 1 of 12 endpoints (rare),,,GET /api/export HTTP/1.1 \n Host: app.example.test \n User-Agent: ParamScout/0.1.0 (authorized security testing; passive-first parameter discovery) \n Accept: */* \n  \n # Replay only against targets you are authorized to test.
https://app.example.test/api/export,format,unknown_general,url_query,0.5,not_tested,0.0,,no,0,0,34,no,"discovery confidence 0.50 x weight 0.28 | behavioral confidence 0.00 x weight 0.34 | rarity 0.92 x weight 0.18 | category 'Unknown / general purpose' naming weight 0.25 x weight 0.12 | canary reflection no x weight 0.08 | no repeatable behavioural change observed - this is a discovery, not a vulnerability | parameter name carries no known intent signal | priority is a triage ordering only; it is not a vulnerability severity",parameter observed in a real query string on this endpoint | combined provenance weight 0.50 = 0.50 | 'format' appears on 1 of 12 endpoints (rare),,,GET /api/export HTTP/1.1 \n Host: app.example.test \n User-Agent: ParamScout/0.1.0 (authorized security testing; passive-first parameter discovery) \n Accept: */* \n  \n # Replay only against targets you are authorized to test.
https://app.example.test/profile,note,unknown_general,url_query,0.5,not_tested,0.0,,no,0,0,34,no,"discovery confidence 0.50 x weight 0.28 | behavioral confidence 0.00 x weight 0.34 | rarity 0.92 x weight 0.18 | category 'Unknown / general purpose' naming weight 0.25 x weight 0.12 | canary reflection no x weight 0.08 | no repeatable behavioural change observed - this is a discovery, not a vulnerability | parameter name carries no known intent signal | priority is a triage ordering only; it is not a vulnerability severity",parameter observed in a real query string on this endpoint | combined provenance weight 0.50 = 0.50 | 'note' appears on 1 of 12 endpoints (rare),,,GET /profile HTTP/1.1 \n Host: app.example.test \n User-Agent: ParamScout/0.1.0 (authorized security testing; passive-first parameter discovery) \n Accept: */* \n  \n # Replay only against targets you are authorized to test.
https://app.example.test/account/orders,page,pagination,url_query,0.5,not_tested,0.0,,no,0,0,33,no,"discovery confidence 0.50 x weight 0.28 | behavioral confidence 0.00 x weight 0.34 | rarity 0.92 x weight 0.18 | category 'Pagination' naming weight 0.20 x weight 0.12 | canary reflection no x weight 0.08 | no repeatable behavioural change observed - this is a discovery, not a vulnerability | priority is a triage ordering only; it is not a vulnerability severity",parameter observed in a real query string on this endpoint | combined provenance weight 0.50 = 0.50 | 'page' appears on 1 of 12 endpoints (rare),,,GET /account/orders HTTP/1.1 \n Host: app.example.test \n User-Agent: ParamScout/0.1.0 (authorized security testing; passive-first parameter discovery) \n Accept: */* \n  \n # Replay only against targets you are authorized to test.
https://app.example.test/account/orders,per_page,pagination,url_query,0.5,not_tested,0.0,,no,0,0,33,no,"discovery confidence 0.50 x weight 0.28 | behavioral confidence 0.00 x weight 0.34 | rarity 0.92 x weight 0.18 | category 'Pagination' naming weight 0.20 x weight 0.12 | canary reflection no x weight 0.08 | no repeatable behavioural change observed - this is a discovery, not a vulnerability | priority is a triage ordering only; it is not a vulnerability severity",parameter observed in a real query string on this endpoint | combined provenance weight 0.50 = 0.50 | 'per_page' appears on 1 of 12 endpoints (rare),,,GET /account/orders HTTP/1.1 \n Host: app.example.test \n User-Agent: ParamScout/0.1.0 (authorized security testing; passive-first parameter discovery) \n Accept: */* \n  \n # Replay only against targets you are authorized to test.
https://app.example.test/api/v2/items,cursor,pagination,url_query,0.5,not_tested,0.0,,no,0,0,31,no,"discovery confidence 0.50 x weight 0.28 | behavioral confidence 0.00 x weight 0.34 | rarity 0.83 x weight 0.18 | category 'Pagination' naming weight 0.20 x weight 0.12 | canary reflection no x weight 0.08 | no repeatable behavioural change observed - this is a discovery, not a vulnerability | priority is a triage ordering only; it is not a vulnerability severity",parameter observed in a real query string on this endpoint | combined provenance weight 0.50 = 0.50 | 'cursor' appears on 2 of 12 endpoints (common),,,GET /api/v2/items HTTP/1.1 \n Host: app.example.test \n User-Agent: ParamScout/0.1.0 (authorized security testing; passive-first parameter discovery) \n Accept: */* \n  \n # Replay only against targets you are authorized to test.
examples/collected_urls.txt,cursor,pagination,archive,0.4,not_tested,0.0,,no,0,0,29,no,"discovery confidence 0.40 x weight 0.28 | behavioral confidence 0.00 x weight 0.34 | rarity 0.83 x weight 0.18 | category 'Pagination' naming weight 0.20 x weight 0.12 | canary reflection no x weight 0.08 | no repeatable behavioural change observed - this is a discovery, not a vulnerability | priority is a triage ordering only; it is not a vulnerability severity",present in a user-supplied URL archive | combined provenance weight 0.40 = 0.40 | 'cursor' appears on 2 of 12 endpoints (common),,,GET examples/collected_urls.txt HTTP/1.1 \n Host:  \n User-Agent: ParamScout/0.1.0 (authorized security testing; passive-first parameter discovery) \n Accept: */* \n  \n # Replay only against targets you are authorized to test.
