endpoint,parameter,category,source,source_context,discovery_confidence,discovery_score,behavior_confidence,behavior_score,manual_review_priority,priority_reasons,observed_differences,reflection_status,validation_attempts,inconclusive,status_note,reproduction_request,limitations
https://app.example.test/account/profile?tab=security&view=full,view,file/path reference,user-supplied URL archive,query parameter 'view' observed in a real URL,high,0.8,not-tested,,high,"high-confidence discovery (real URL / form / strong script evidence) | name matches security-relevant category 'file/path reference' (naming hint only, never a vulnerability claim) | rare across collected set (rarity 0.86)",,not-tested,0,False,offline extraction only; no network requests were made,,
https://app.example.test/login?redirect=/account&callback=https://app.example.test/cb,redirect,redirect/navigation,user-supplied URL archive,query parameter 'redirect' observed in a real URL,high,0.8,not-tested,,high,"high-confidence discovery (real URL / form / strong script evidence) | name matches security-relevant category 'redirect/navigation' (naming hint only, never a vulnerability claim) | rare across collected set (rarity 0.86)",,not-tested,0,False,offline extraction only; no network requests were made,,
https://app.example.test/login?redirect=/account&callback=https://app.example.test/cb,callback,remote-resource reference,user-supplied URL archive,query parameter 'callback' observed in a real URL,high,0.8,not-tested,,high,"high-confidence discovery (real URL / form / strong script evidence) | name matches security-relevant category 'remote-resource reference' (naming hint only, never a vulnerability claim) | rare across collected set (rarity 0.86)",,not-tested,0,False,offline extraction only; no network requests were made,,
https://app.example.test/assets/app.js?cb=20260909,cb,remote-resource reference,user-supplied URL archive,query parameter 'cb' observed in a real URL,high,0.8,not-tested,,high,"high-confidence discovery (real URL / form / strong script evidence) | name matches security-relevant category 'remote-resource reference' (naming hint only, never a vulnerability claim) | rare across collected set (rarity 0.86)",,not-tested,0,False,offline extraction only; no network requests were made,,
https://app.example.test/search?q=quartz&sort=score&debug=false,q,search/filtering,user-supplied URL archive,query parameter 'q' observed in a real URL,high,0.8,not-tested,,medium,high-confidence discovery (real URL / form / strong script evidence) | rare across collected set (rarity 0.86),,not-tested,0,False,offline extraction only; no network requests were made,,
https://app.example.test/search?q=quartz&sort=score&debug=false,sort,search/filtering,user-supplied URL archive,query parameter 'sort' observed in a real URL,high,0.8,not-tested,,medium,high-confidence discovery (real URL / form / strong script evidence) | rare across collected set (rarity 0.86),,not-tested,0,False,offline extraction only; no network requests were made,,
https://app.example.test/search?q=quartz&sort=score&debug=false,debug,debug/configuration,user-supplied URL archive,query parameter 'debug' observed in a real URL,high,0.8,not-tested,,medium,high-confidence discovery (real URL / form / strong script evidence) | rare across collected set (rarity 0.86),,not-tested,0,False,offline extraction only; no network requests were made,,
https://app.example.test/docs/guide?id=42&print=true&lang=en,id,resource identifier,user-supplied URL archive,query parameter 'id' observed in a real URL,high,0.8,not-tested,,medium,high-confidence discovery (real URL / form / strong script evidence),,not-tested,0,False,offline extraction only; no network requests were made,,
https://app.example.test/docs/guide?id=42&print=true&lang=en,print,unknown/general-purpose,user-supplied URL archive,query parameter 'print' observed in a real URL,high,0.8,not-tested,,medium,high-confidence discovery (real URL / form / strong script evidence) | rare across collected set (rarity 0.86),,not-tested,0,False,offline extraction only; no network requests were made,,
https://app.example.test/docs/guide?id=42&print=true&lang=en,lang,unknown/general-purpose,user-supplied URL archive,query parameter 'lang' observed in a real URL,high,0.8,not-tested,,medium,high-confidence discovery (real URL / form / strong script evidence) | rare across collected set (rarity 0.86),,not-tested,0,False,offline extraction only; no network requests were made,,
https://app.example.test/api/v1/items?page=2&page_size=50&expand=meta,page,pagination,user-supplied URL archive,query parameter 'page' observed in a real URL,high,0.8,not-tested,,medium,high-confidence discovery (real URL / form / strong script evidence) | rare across collected set (rarity 0.86),,not-tested,0,False,offline extraction only; no network requests were made,,
https://app.example.test/api/v1/items?page=2&page_size=50&expand=meta,page_size,pagination,user-supplied URL archive,query parameter 'page_size' observed in a real URL,high,0.8,not-tested,,medium,high-confidence discovery (real URL / form / strong script evidence) | rare across collected set (rarity 0.86),,not-tested,0,False,offline extraction only; no network requests were made,,
https://app.example.test/api/v1/items?page=2&page_size=50&expand=meta,expand,unknown/general-purpose,user-supplied URL archive,query parameter 'expand' observed in a real URL,high,0.8,not-tested,,medium,high-confidence discovery (real URL / form / strong script evidence) | rare across collected set (rarity 0.86),,not-tested,0,False,offline extraction only; no network requests were made,,
https://app.example.test/account/profile?tab=security&view=full,tab,unknown/general-purpose,user-supplied URL archive,query parameter 'tab' observed in a real URL,high,0.8,not-tested,,medium,high-confidence discovery (real URL / form / strong script evidence) | rare across collected set (rarity 0.86),,not-tested,0,False,offline extraction only; no network requests were made,,
https://app.example.test/download?id=file-1042&format=pdf,id,resource identifier,user-supplied URL archive,query parameter 'id' observed in a real URL,high,0.8,not-tested,,medium,high-confidence discovery (real URL / form / strong script evidence),,not-tested,0,False,offline extraction only; no network requests were made,,
https://app.example.test/download?id=file-1042&format=pdf,format,unknown/general-purpose,user-supplied URL archive,query parameter 'format' observed in a real URL,high,0.8,not-tested,,medium,high-confidence discovery (real URL / form / strong script evidence) | rare across collected set (rarity 0.86),,not-tested,0,False,offline extraction only; no network requests were made,,
